states,hydrnum
R0,0.213921901528014
R1,3.27770534550196
TS2,1.68651488616462
INT1,0.787383177570093
INT2,0.89055023923445
R2,1.318391562294
TS4,1.05161290322581
P,0.552699228791774
